N,P,K,temperature,humidity,ph,rainfall,label
93,56,36,24.01497622,82.05687182,6.98435366,185.2773389,rice
89,45,36,21.32504158,80.47476396,6.442475375,185.4974732,rice
91,35,38,24.8972823,80.52586088,6.13428721,183.6793207,rice
99,41,36,24.45802087,82.74835604,6.738652179,182.5616319,rice
68,57,43,26.08867875,80.37979919,5.706943251,182.9043504,rice
67,43,39,26.04371967,84.96907151,5.9999690260000005,186.7536773,rice
84,50,44,25.48591986,81.40633547,5.9353444060000005,182.6549356,rice
78,35,44,26.54348085,84.67353597,7.072655622,183.6222657,rice
71,54,16,22.61359953,63.69070564,5.7499144210000015,87.75953857,maize
61,44,17,26.10018422,71.57476937,6.931756557999999,102.2662445,maize
80,43,16,23.55882094,71.59351368,6.657964753,66.71995467,maize
73,58,21,19.97215954,57.68272924,6.596060648,60.65171481,maize
68,41,16,21.77689322,57.80840636,6.158830619,102.0861694,maize
93,41,17,25.6217169,66.50415474,6.047906679,105.4654703,maize
89,60,19,25.19192419,66.69029010000001,5.913664501,78.06639649,maize
76,44,17,20.41683147,62.55424820000001,5.855442401,65.27798457,maize
67,60,25,24.92162194,66.78627406,5.750254943,109.2162279,maize
70,44,19,23.31689124,73.4541537,5.852607099,94.29712821,maize
90,49,21,24.84016732,68.3584573,6.4725232870000005,74.05474936,maize
62,52,16,22.27526694,58.84015925,6.9670577620000005,63.87020584,maize
66,54,21,25.19008683,60.200168700000006,5.919045532,72.12375573,maize
70,47,17,24.612911800000006,70.4162444,6.600827017,104.1626147,maize
61,41,17,25.1420613,65.26185135,6.021902237000001,76.68456006,maize
66,53,19,23.09348056,60.11593810000001,6.033550195,65.49730729,maize
77,57,21,24.9321581,73.80435276,6.550563822999999,79.74078719,maize
79,51,16,25.33797709,68.49835977,6.586244581,96.46380213,maize
94,39,18,23.89114571,57.48775781,5.893093135,102.8301942,maize
75,49,15,21.53574127,71.50905983,5.918263801,102.4852929,maize
87,54,20,25.61707368,63.4711755,6.576418207000001,108.8303762,maize
87,35,25,21.44526922,63.1621551,6.178056304,65.88951188,maize
84,57,25,22.53510514,67.99257471,6.489040367,64.40866039,maize
64,35,23,23.02038334,61.89472002,5.680361037999999,63.03843397,maize
60,46,22,24.89364635,65.61418761,6.625404347999999,87.9298085,maize
98,44,21,25.77175115,74.089114,6.524478032,107.4931917,maize
75,56,18,19.39851734,62.35750641,5.696205468,60.95197486,maize
86,55,21,21.54156232,59.64024162,6.803931519,109.7515385,maize
98,35,18,23.79746068,74.82913698,6.252797547999999,91.76337172,maize
99,56,17,24.10859207,73.13112261,6.234330356,71.07562236,maize
60,44,23,24.7947077,70.04556743,5.722579819,76.72860067,maize
74,48,17,21.63162756,60.27766379,6.430616465,69.21803098,maize
89,60,17,25.37548751,57.21025565,5.983952675,101.7004306,maize
69,51,23,22.21738222,72.85462807,6.80163854,106.6213157,maize
96,46,22,20.58314011,69.00128641,6.499936446,66.29390357,maize
61,60,15,24.87502824,68.74248334,6.265564338,91.26056654,maize
74,58,18,20.03728219,56.35606753,6.727303282,109.024141,maize
74,43,23,25.95263264,61.89082199,6.325235159,99.57981207,maize
63,43,17,19.28889933,65.47050802,6.807487794,71.3195307,maize
99,36,20,20.57981887,65.34583901,6.671085817000001,78.34604471,maize
77,36,23,24.71417533,56.73426469,6.648725327,88.45361858,maize
87,60,23,20.27317074,63.91281869,6.439071996,62.50351892,maize
94,54,17,23.39128187,61.74427165,5.871647806,107.3198135,maize
95,38,22,19.84939404,61.24500053,5.730617109,100.7689246,maize
84,44,21,21.869274,61.91044947,5.850439831,107.2681929,maize
77,58,19,22.8056033,56.50768935,5.791649933,101.5952794,maize
63,35,16,22.02720976,65.35549924,6.272417541,83.73280082,maize
79,45,20,23.80546189,59.24537979,5.715208817000001,89.96220140000001,maize
86,36,24,26.54986394,72.89187265,5.787268394,73.33636055,maize
76,48,18,19.29563411,69.63481219,5.77597783,83.21030571,maize
75,53,18,20.68899915,59.4375337,6.864793607,103.651438,maize
81,45,23,19.32666088,68.03449300000001,6.192360002999999,84.22969177,maize
73,45,21,24.60532218,73.58868502,6.636803222999999,96.59195302,maize
71,35,24,22.27373646,59.52193158,5.826426917,67.96704792,maize
96,54,22,25.70196694,61.33450447,6.960358276,83.20711308,maize
62,48,20,21.70181447,60.47470519,6.708446922,95.71388473,maize
94,50,19,23.30355338,73.62548442,5.873242491,97.59081274,maize
76,39,24,24.2547451,55.64709899,6.995843776,64.23845455,maize
77,52,17,24.86374934,65.7420046,5.714799723,75.82270467,maize
74,39,23,22.6265115,65.77472881,6.78073637,88.17251033,maize
63,42,21,23.26237612,72.33125523,5.798423907999999,67.10225139,maize
99,38,21,22.88330922,71.59722446,6.352471866,67.72777298,maize
90,52,25,25.97482359,69.36385721,6.822586546,103.2234212,maize
68,40,19,26.14384005,66.20569924,6.655426355,107.2361366,maize
71,52,18,25.10787449,55.97732754,5.790770202999999,78.16077693,maize
61,59,17,23.33844615,59.24580604,6.47444292,105.0083144,maize
88,38,15,25.08239719,65.92195844,6.455116637000001,62.49190812,maize
65,60,22,25.36768364,72.52054555,6.6069840860000015,107.9124111,maize
78,37,22,25.34217103,63.31801994,6.330554389,74.52082026,maize
78,58,15,25.00933355,67.816568,6.5286312660000005,62.91359494,maize
79,59,17,20.37999665,63.73849998,6.644205485,108.5054416,maize
76,51,18,26.16985907,71.96246617,6.247040422,79.84925393,maize
71,60,22,26.07470121,59.37147589,6.2048017,85.75692395,maize
67,35,22,23.30546753,63.24648023,6.385684213999999,108.7603001,maize
83,58,23,19.74213321,59.66263104,6.381201909,65.50861389,maize
83,57,19,25.73044432,70.74739256,6.877869005,98.73771338,maize
33,73,23,29.23540524,59.38967583,5.985792703,103.3301803,pigeonpeas
35,58,20,29.38538562,63.47742011,5.761702519,90.05422663,pigeonpeas
31,72,17,28.69180475,49.47225353,5.833031707999999,96.36222901,pigeonpeas
16,80,20,31.24021696,56.67369054,7.3393209289999986,122.0146733,pigeonpeas
27,72,17,28.98039357,57.23265151,6.347929353,120.7435664,pigeonpeas
9,76,25,28.88302142,50.12323801,5.70951224,179.2155874,pigeonpeas
28,75,21,24.7741949,50.54621094,6.007508163,114.2821387,pigeonpeas
38,72,21,28.23416057,49.4421345,5.902103172,186.5008581,pigeonpeas
1,76,17,28.43430726,52.10010827,6.012719118,147.0414824,pigeonpeas
28,59,22,30.90607799,52.79913039,7.05181629,170.99198280000005,pigeonpeas
6,63,23,26.01630259,49.94704718,5.906596905,160.33374469999995,pigeonpeas
14,75,24,24.54757829,57.3414485,6.436160044,118.3606557,pigeonpeas
5,77,19,31.08564994,66.68832981,6.242052013,175.9303271,pigeonpeas
21,74,15,29.49096726,67.10604388,6.471862118,153.2504506,pigeonpeas
27,74,20,24.69487673,59.96669215,5.8598134160000015,91.95792434,pigeonpeas
18,55,23,21.9989826,56.31006755,6.98571967,136.82743119999998,pigeonpeas
7,74,17,22.47253208,62.56532471,5.667419697000001,96.74706956,pigeonpeas
10,71,18,19.54284889,66.34777265,6.151029296,173.11069819999997,pigeonpeas
11,53,24,28.52396666,55.77264351,7.39389918,61.32935611,mothbeans
29,57,20,25.60973447,50.7330069,5.87707519,53.39249517,mothbeans
24,37,21,30.573999,58.22686794,5.818219385,62.74803826,mothbeans
22,44,24,24.30935081,56.32938343,6.030447288,58.99536268,mothbeans
21,38,20,27.10508014,63.56791363,5.794289715,62.20279647,mothbeans
32,48,18,26.45707778,56.40226277,5.993513566,64.16167699,mothbeans
19,36,22,25.44689075,58.55363573,6.16496284,57.04826619,mothbeans
21,39,20,27.06179658,52.3003173,7.388007482999999,60.74583498,mothbeans
15,45,23,24.20422636,61.43378674,7.224193642,46.0203959,mothbeans
11,40,23,29.61253065,63.04749127,5.80428611,50.1978269,mothbeans
19,55,20,27.43329405,87.80507732,7.18530147,54.73367631,mungbean
36,55,20,27.01470397,84.34262707,6.635968697999999,55.296354,mungbean
22,56,17,29.87888063,87.32761241,6.89077995,44.75215854,mungbean
34,59,23,28.56212158,83.24855855,6.935804256,56.48265193,mungbean
31,51,25,27.53592929,85.57019009999998,7.196774236,53.01899249,mungbean
21,39,20,28.14448546,82.1193047,7.064782137999999,46.75690086,mungbean
28,35,22,29.53037621,86.73346018,7.156563094,59.87232071,mungbean
17,52,17,27.88352946,86.45147631,6.364967184,44.64407105,mungbean
24,42,23,28.22471276,82.35916228,6.428054409,44.01206619,mungbean
28,46,16,29.008124,84.96089355,6.664187809,45.91011391,mungbean
31,58,15,27.11026483,84.96771717,7.121571293,51.52617423,mungbean
19,35,24,27.11030369,83.64274107,6.883308033,49.11964582,mungbean
24,53,17,28.95451232,89.07866095,6.421271178,57.65901369,mungbean
31,53,16,28.7420098,85.81675947,6.452006451,48.54598575,mungbean
28,45,23,29.65021184,80.29868321,6.489259136,56.76278363,mungbean
33,60,15,28.95172351,81.67085323,6.510840928,56.51103293,mungbean
13,57,25,28.30041493,86.20681554,6.86308576,50.47333854,mungbean
33,57,17,27.89636126,88.71782287,6.78415271,57.79863368,mungbean
32,57,22,28.6899851,87.50436797,6.769415887999999,44.56598352,mungbean
23,59,25,27.826262300000003,88.73100226,6.320768488,56.68833819,mungbean
35,41,18,28.70562673,81.59200689,6.705008503999999,59.87065439,mungbean
6,48,24,28.6362812,84.61431076,6.790736339,48.48319335,mungbean
29,36,25,28.28511547,88.4393979,7.130278657000001,48.56690235,mungbean
14,48,21,29.24598976,84.80084105,6.991242362,53.43228915,mungbean
8,50,21,28.62911222,89.11480590000002,6.218923893,50.49913241,mungbean
20,40,15,29.57329479,88.07505524,7.199495367999999,45.04467075,mungbean
36,43,22,27.82684262,87.16679147,6.3898821660000005,58.37249772,mungbean
11,60,23,27.33684386,88.50229102,7.033012777000001,51.09802625,mungbean
10,59,15,29.83040388,89.30428305,6.32400451,58.86687093,mungbean
7,60,25,28.2753171,82.76020821,6.397636709,56.04995423,mungbean
2,47,15,29.86860065,85.99127934,6.401455706,58.41394143,mungbean
20,45,22,29.5888162,89.9939693,6.904587016,54.96121262,mungbean
2,39,15,28.07219563,82.9116472,6.478557136,49.61865305,mungbean
27,40,24,27.84026517,89.99615558,7.063022095,52.84626009,mungbean
35,48,15,27.10818093,87.45126690000002,6.981758362000001,55.03723979,mungbean
4,59,25,27.68515114,81.94268594,6.227134139,54.62243308,mungbean
1,48,24,29.34594634,85.60472562,6.232836962,59.03629954,mungbean
36,43,21,28.36319404,84.8593608,7.140437859,52.93031105,mungbean
11,46,24,27.65280218,89.80650642,6.459252023,56.52558045,mungbean
34,47,19,27.31372793,85.44815232,6.568795403999999,53.15223123,mungbean
21,44,18,27.06909959,86.89934108,7.12851089,50.46746116,mungbean
25,40,21,27.73329078,81.13903037,6.248900919,44.17580911,mungbean
2,38,18,27.53632932,89.92908171,6.619891497999999,45.48591922,mungbean
9,48,20,29.66461594,84.28187572,6.377568542000001,56.09542002,mungbean
36,38,15,28.36363858,87.59810657,6.3206620120000006,57.99524359,mungbean
30,44,16,29.73013036,82.89166381,6.442335592999999,50.91511275,mungbean
9,48,22,27.77076285,87.09979549,6.402926221,49.50812624,mungbean
31,48,17,28.88078945,86.94206817,6.594739424,53.79732545,mungbean
30,37,25,29.89129144,80.14487166,7.120032489,54.7960127,mungbean
20,41,20,29.27308605,89.4875022,7.073048264,50.9246554,mungbean
37,50,23,29.65296893,88.48587386,6.5304707,56.01913159,mungbean
34,35,21,28.44524991,82.67639542,6.684381357,58.18713162,mungbean
14,37,15,27.96235681,83.97586797,6.581351374,48.9366954,mungbean
40,51,17,28.66086349,86.12194568,6.860602782000001,50.01534317,mungbean
27,56,20,29.2114218,87.11497805,6.41874299,51.53848218,mungbean
31,40,22,29.40889385,86.16063492,6.365513634,53.35486977,mungbean
24,44,17,29.8596912,80.03499648,6.666380512000001,50.66487502,mungbean
25,59,19,29.06631494,83.6869203,6.626629798,43.95183726,mungbean
32,56,21,27.38538997,88.66663953,6.702772465,58.29933073,mungbean
19,39,17,29.2808618,81.8009244,6.890156495,44.47427436,mungbean
39,37,15,28.9973145,83.78911515,6.821747052,59.84499208,mungbean
26,54,17,28.5474135,88.9570454,6.27258822,49.4897245,mungbean
21,51,15,29.36488409,89.1886954,6.679127482,48.30159325,mungbean
4,40,21,28.79728147,80.45744422,6.725551062,44.30070517,mungbean
10,37,22,28.7275267,89.12760359,7.069747813999999,58.52974279,mungbean
23,45,23,28.77653519,86.69133979,6.983130466,56.12443206,mungbean
25,48,21,28.438097,83.48991368,6.267684328,52.55469976,mungbean
25,62,21,26.73433965,68.13999721,7.040056094,67.15096376,blackgram
42,61,22,26.27274407,62.28814857,7.418650668,70.23207557,blackgram
44,58,18,28.03644051,65.06601664,6.814410927999999,72.49507741,blackgram
50,74,17,27.10053268,63.36085585,6.5408208,73.84949872,blackgram
39,73,24,25.65842532,61.18235808,7.22405917,69.28607828,blackgram
52,63,19,29.58949031,68.32176769,6.928898659,67.53021213,blackgram
51,56,18,28.12787838,64.2097765,6.706505915,70.86340755,blackgram
36,66,15,30.08545364,69.34811988,6.668238556,67.1367443,blackgram
20,62,18,29.36358721,64.98742947,7.366542647,61.91208707,blackgram
58,71,15,27.82592799,67.58618829999999,6.919243702,74.01229707,blackgram
25,71,24,28.49538735,60.44848407,7.187721817999999,74.91559514,blackgram
52,71,16,27.74274761,68.53997144,7.0758864720000005,71.78615328,blackgram
40,63,18,30.41588462,67.66323804,6.74441168,63.02473185,blackgram
20,60,25,27.3254209,69.09047809,6.726469087999999,61.19250859,blackgram
48,61,21,30.28496619,61.69295127,6.628264883,65.62859526,blackgram
49,68,22,28.56840626,61.53278622,7.127064207,63.49726331,blackgram
21,63,22,25.09737391,67.72837887,6.859409487000001,74.61649888,blackgram
41,78,21,25.19857725,60.37332688,6.581313137,70.88787207,blackgram
21,78,19,27.16159076,66.76017239,6.92009048,69.85112265,blackgram
56,75,15,30.20157245,60.06534859,7.152272256,66.37171179,blackgram
24,80,19,29.67892453,69.0854554,6.8080417220000005,65.66436565,blackgram
49,76,18,27.05365239,67.7017527,7.393631868,60.4693835,blackgram
50,64,25,28.84079155,63.37230676,6.734447425,70.25496749,blackgram
26,67,16,29.10713092,67.90577375,7.17620823,67.83345933,blackgram
33,80,22,28.57006111,65.71765781,6.593961761,70.0866434,blackgram
37,79,19,27.54384835,69.3478631,7.143942758,69.40878198,blackgram
20,68,17,30.11873003,60.11680815,6.578714842999999,71.72980375,blackgram
25,68,19,29.39982732,64.25510719,7.1084501210000015,67.47677295,blackgram
41,62,15,29.38400259,64.14928485,7.358974541,65.24194361,blackgram
28,65,23,28.38686534,61.88871127,7.405176138,74.24459122,blackgram
35,64,15,28.47442276,63.53604453,6.500144962,69.5274407,blackgram
52,58,16,30.64095781,61.14508627,7.167435834,71.36947525,blackgram
58,75,25,25.25596239,61.36669662,7.261791753,68.64685069,blackgram
42,58,25,27.45853567,62.90020977,6.513620917999999,69.46020927,blackgram
37,62,17,25.68576704,69.84354028,7.121254928,74.62068748,blackgram
21,80,20,28.20667264,68.27085245,7.350869792,64.32887142,blackgram
29,76,15,28.541723600000005,64.2020154,7.0256077060000015,69.68862306,blackgram
43,61,20,26.87187036,61.61367264,6.804253866,63.51822045,blackgram
44,63,15,26.42333018,64.51136845,7.338929556,63.46546487,blackgram
29,67,21,29.79181107,63.38789228,6.621323612,63.02169909,blackgram
47,63,16,27.44003279,67.10464369,6.661870999,72.50669768,blackgram
58,61,15,30.94908189,64.23364112,7.402891666,62.78730907,blackgram
41,74,18,28.75751783,61.02701476,6.599147297999999,73.37686831,blackgram
58,79,17,27.24766491,66.10123083,7.04174124,62.31842057,blackgram
27,62,24,28.63005477,66.770943,7.353876754,62.2737345,blackgram
27,60,17,26.41768321,63.64698302,7.026795358999999,64.42177127,blackgram
44,55,25,29.6321052,65.91359954,7.42160832,71.16331975,blackgram
33,77,21,30.32992227,65.62971858,7.01285529,71.64631281,blackgram
59,58,17,28.546224,66.31394098,7.368318809,62.83469851,blackgram
29,63,17,30.02629908,67.88811637,7.26154329,66.47264636,blackgram
29,70,15,30.33499674,63.54718862,6.872594461,74.16699119,blackgram
42,79,23,27.71678273,63.29103387,6.781841984,68.56507978,blackgram
11,74,17,21.36383757,69.92375891,6.633864582,46.6352865,lentil
37,71,16,26.28663931,68.51966729,7.324863481,46.13833007,lentil
29,71,18,22.17499963,62.13873825,6.410441476,53.46622584,lentil
6,59,21,26.58972517,66.14007674,6.139215944,50.90994463,lentil
6,77,20,25.78746268,60.2816298,6.058306161,49.14337177,lentil
2,75,22,23.89271875,61.78779413,6.658605362,52.55730112,lentil
37,62,22,24.02037872,61.62313345,7.397546271,49.78102578,lentil
3,78,18,20.21368219,68.65257685,6.887130053,50.89732989,lentil
12,66,20,27.41434987,63.41785982,7.336117221,44.43177543,lentil
4,61,21,24.84063998,60.09116626,6.75020529,48.77790371,lentil
18,66,22,25.87990287,67.55109024,6.347379185,47.89645224,lentil
32,56,18,20.0467711,65.84395319,7.135251532000001,46.05333124,lentil
15,77,20,25.13163619,66.92642362,7.399749291,49.04015558,lentil
3,63,16,24.38041875,61.18458224,6.868881707999999,53.13946695,lentil
2,78,23,21.31852148,66.43934593,7.320514721,45.42616802,lentil
14,67,25,25.28710601,60.85993533,7.241151936,49.37369982,lentil
19,72,15,28.83600962,69.76112921,6.890760124,44.08562546,lentil
18,57,21,27.37659643,63.93927841,6.155915975,49.47371773,lentil
31,58,15,28.31886863,60.19461399,6.167855382000001,45.36521251,lentil
34,65,19,23.43974653,63.22011726,5.94239222,45.40277297,lentil
14,69,19,20.95628486,63.68128841,7.239455147,52.39881209,lentil
22,55,16,23.7937153,68.03209183,6.516317561,49.73922097,lentil
26,63,17,29.87854588,65.73085206,6.950300686,44.95654782,lentil
27,61,15,25.2653291,67.10004577,6.958054839,48.33941188,lentil
13,74,25,24.12192608,61.09533545,6.461618577,44.23629285,lentil
12,58,23,21.74600081,63.39503184,6.765091462000001,50.43306085,lentil
32,79,22,27.60195453,63.46170674,5.91645379,54.37814199,lentil
6,68,18,24.388717,62.50453062,6.711341147000001,47.26052494,lentil
23,75,17,24.87425505,64.00213929,7.198076286,48.28137482,lentil
32,78,22,23.97081395,62.35557553,7.007037515,53.40906048,lentil
1,67,21,27.52135365,60.53657684,6.551577598,48.06491307,lentil
12,67,23,25.62896213,63.14909763,6.585020302999999,45.49683991,lentil
36,67,20,20.39078312,60.47528931,6.924042372000001,53.31508572,lentil
14,59,22,23.82723528,67.89815262,6.76660668,46.90725077,lentil
30,61,18,27.14911056,67.02664337,6.157782589,52.50812701,lentil
0,74,17,23.33375853,64.50515776,7.240988401,47.01510708,lentil
7,63,24,19.55750776,64.45268309,6.818681086000002,53.04669416,lentil
9,56,17,26.13708256,66.7729209,6.261937875,46.48280681,lentil
14,74,15,27.99990346,65.57653373,6.493036868,49.94043064,lentil
28,67,21,21.79792649,63.73086065,6.250994222999999,46.62370222,lentil
28,79,16,24.70626432,60.26854183,6.0521848810000005,53.12442925,lentil
40,61,22,20.94981756,65.8108757,7.002216044,44.23913012,lentil
37,77,20,25.93381964,68.70533022,7.080506001,51.02372773,lentil
0,67,22,29.82112112,69.4073209,6.5937983870000005,51.56461082,lentil
7,73,25,27.52185591,63.13215259,7.28805662,45.20841071,lentil
10,56,18,27.99627907,68.6428593,7.32710972,46.10585191,lentil
39,70,15,20.76774783,63.90164154,6.366355781,47.9271552,lentil
26,56,22,23.05276444,60.424786,7.011121216,52.60285259,lentil
2,24,38,24.55981624,91.63536236,5.922935513,111.9684622,pomegranate
6,18,37,19.65690085,89.93701023,5.937649577999999,108.0458926,pomegranate
37,18,39,24.1469628,94.5110662,6.424670614,110.2316633,pomegranate
0,27,38,22.44581266,89.90147027,6.7380162210000005,109.3905998,pomegranate
31,25,38,24.96273236,92.40501423,6.4973666770000005,109.4169192,pomegranate
21,21,38,22.5526059,89.32594859999998,6.327673765,104.8955643,pomegranate
6,30,40,22.77035608,91.45498527,6.36137446,106.9659201,pomegranate
15,11,38,23.12808226,92.68328358,6.630646082999999,109.3930157,pomegranate
14,5,36,24.92639065,85.19098079,5.832525853,104.7693804,pomegranate
16,10,41,24.77464458,85.63608688,6.738993954,105.7595811,pomegranate
36,7,37,19.8671184,86.35590206,5.782435567,108.3168858,pomegranate
4,20,41,24.26601316,93.7974061,6.537042717,104.5375109,pomegranate
29,22,40,23.62600218,89.73266695,6.145104401,107.6836871,pomegranate
16,15,42,19.67832052,89.08935702,6.890784045,108.5468633,pomegranate
18,27,41,22.36509395,92.30882391,7.175344328,104.8216333,pomegranate
11,18,42,21.57936934,94.88267728,5.938528744,102.8593382,pomegranate
18,23,44,23.71028128,89.61794165,6.184400085,105.64999070000002,pomegranate
9,8,40,22.48720144,89.9224883,6.553509673,111.6631582,pomegranate
40,27,45,21.66024980000001,94.79397419,5.885638185,112.4349689,pomegranate
22,23,44,20.13037175,89.31505137,6.1438746910000015,107.3416913,pomegranate
12,29,40,19.68291173,89.75272999,6.594037135,111.2818551,pomegranate
0,17,42,23.20242586,91.19442671,6.8598408210000015,109.0946323,pomegranate
28,6,40,22.10621387,91.34039616,6.769855664,106.8704803,pomegranate
29,16,36,19.81069447,88.92944254,5.7403380020000006,102.860084,pomegranate
17,18,43,24.4880844,90.83687246,5.843005428,103.1969341,pomegranate
21,23,42,19.54128063,90.29751796,6.902751061,104.3739878,pomegranate
8,25,36,19.91330523,94.95031368,6.828522375,104.0277061,pomegranate
26,18,42,19.72620525,89.64934166,6.910374919,108.22872759999998,pomegranate
4,19,42,23.83185873,87.84034604,6.306605528,111.2232716,pomegranate
36,24,41,24.94467632,94.25702672,7.009180374,103.8799347,pomegranate
5,24,40,24.692258,93.87030088,6.297907578999999,104.6735454,pomegranate
19,17,39,24.72485577,85.56083187,6.728599215,111.2787584,pomegranate
39,30,38,20.12644921,87.59629625,6.965156737999999,108.065579,pomegranate
4,24,43,22.40423537,88.1508343,7.199504273,109.8695196,pomegranate
38,21,35,20.33691147,89.38003827,5.841367187,110.9653137,pomegranate
37,11,36,24.24779615,85.56033312,6.710143266,106.9216033,pomegranate
9,25,41,24.81530144,91.90842992,5.972714857000001,109.2853418,pomegranate
5,21,38,22.43377991,90.3396556,6.107054807999999,112.459697,pomegranate
22,26,38,22.92052307,85.12912161,6.988035315,110.2437841,pomegranate
4,18,37,22.91843172,85.40695044,7.13147457,106.2817706,pomegranate
21,6,41,24.88244467,89.39686219,7.086947687,107.1951707,pomegranate
29,21,45,23.40981539,93.13277,6.749260456,105.2240743,pomegranate
23,5,44,21.20725375,94.26304717,7.16300467,107.5660804,pomegranate
5,13,37,22.34375696,89.7870345,5.648243648999999,103.3183074,pomegranate
27,24,41,24.32770134,90.88292835,6.610251186,110.4606459,pomegranate
7,23,35,19.75088482,88.71691157,7.054313822999999,102.5538035,pomegranate
12,20,39,19.86173586,86.19740917,6.026999326,111.0217929,pomegranate
3,9,45,23.89162561,89.61850203,6.535244251,104.617522,pomegranate
1,27,36,23.98598756,93.34236582,5.684995235,104.991282,pomegranate
23,30,44,20.93892916,85.42912869,6.12476108,103.0295938,pomegranate
24,21,42,20.82210727,87.22815682,6.999014379,109.4429934,pomegranate
13,30,37,20.86474944,91.61793636,6.277148771,106.8685636,pomegranate
40,11,44,24.45840036,86.10874614,6.322396027000001,111.3779693,pomegranate
21,9,40,24.51147697,90.64498715,5.956401828,105.6209954,pomegranate
3,27,44,24.56811204,92.03009222,6.591302797000001,110.9633894,pomegranate
40,29,42,24.63228709,89.01574455,7.104094929,110.6956184,pomegranate
14,25,40,20.07386547,90.97819712,6.407872061,103.7084055,pomegranate
38,14,37,21.80523051,94.63612858,6.658402594,102.6488846,pomegranate
34,9,36,22.8122645,86.34233767,6.276038961,110.4432293,pomegranate
32,14,37,22.73031253,88.48567856,6.825256236,104.6843243,pomegranate
18,21,35,23.2801227,94.94330457,6.368560522,111.1382096,pomegranate
8,23,38,19.30106297,87.1775172,7.005410734,105.4766591,pomegranate
0,5,36,24.35193812,90.88612388,6.152906502,105.529185,pomegranate
22,9,44,24.72235539,88.87651295,5.744361602000001,112.1926517,pomegranate
14,8,43,21.92513945,94.46485312,7.051654924,111.71620159999998,pomegranate
31,11,45,24.83954414,86.88738076,6.034612928,107.6435771,pomegranate
10,5,42,20.24104904,91.08706822,6.887005997,109.2537734,pomegranate
8,28,38,23.22594,94.42971362,6.8444019,105.6917856,pomegranate
32,13,42,23.50128217,92.97527546,5.786058032000001,106.61905,pomegranate
18,9,40,19.44623085,89.02127045,5.627186257000001,106.1606833,pomegranate
20,27,41,20.51343484,92.51675903,5.700088663,110.5764023,pomegranate
11,10,45,22.63045168,88.45577158,6.397995609,109.0357597,pomegranate
40,18,43,19.38603815,86.79058496,5.767372539,109.91309840000002,pomegranate
3,26,39,24.38318965,91.19431555,7.079973241,103.6012114,pomegranate
9,16,36,23.77989026,92.93386903,5.893332377999999,106.977723,pomegranate
30,20,38,22.59890174,93.16343942,7.058222596,110.0932899,pomegranate
40,9,41,24.37766782,85.4017118,5.78270695,106.128338,pomegranate
40,30,35,20.89273273,91.07776977,6.269663962999999,104.4407083,pomegranate
33,23,45,20.00218987,85.83618191,7.116538883,112.337046,pomegranate
4,14,41,19.85139326,89.80732335,6.430163481,102.8186358,pomegranate
13,17,45,21.25433607,92.65058936,7.159520979,106.2784673,pomegranate
39,24,39,23.65374106,93.32657504,6.431265737,109.8076178,pomegranate
8,28,37,23.88404783,86.20613842,6.082571701,108.3121789,pomegranate
91,94,46,29.36792366,76.24900101,6.149934034,92.82840911,banana
105,95,50,27.33368994,83.67675197,5.849076099,101.0494791,banana
108,92,53,27.40053601,82.96221306,6.276800323,104.9378,banana
86,76,54,29.3159075,80.11585705,5.926824754,90.10978128,banana
93,94,53,25.86632408,84.42379269,6.079178787999999,114.5357503,banana
90,92,55,27.00932084,80.18546798,6.13465588,97.32531705,banana
108,89,53,29.55054817,78.06762846,5.808497603999999,99.34482238,banana
108,88,55,26.28845991,83.390039,5.891458107,113.8729798,banana
105,77,52,29.16226551,76.16151562,5.816622478999999,100.0075679,banana
118,88,52,28.65003945,82.68752542,5.8431631610000005,98.75084366,banana
101,87,54,29.07311132,76.50045221,6.376756632999999,100.1692639,banana
106,85,53,27.1994597,78.80860679999998,5.91505509,99.72430835,banana
86,95,49,28.05484146,78.04602887,6.458714879,108.3957179,banana
85,95,47,25.94019018,78.3422098,6.211833161,119.84797,banana
109,79,45,27.66752761,79.68542782,6.490074429,108.66464,banana
117,86,48,28.6956201,82.54195839,6.225225238999999,116.1616839,banana
114,94,53,26.33544853,76.8532006,6.190757458999999,118.6858263,banana
110,78,50,25.93730186,78.89864446,5.915568968,98.21747528,banana
94,70,48,25.13686519,84.88394407,6.195152442,91.46442491,banana
80,71,47,27.50527651,80.79783998,6.156373499,105.0776992,banana
114,79,51,26.21009246,82.34429458,6.313197204,112.0700033,banana
88,78,45,29.10403455,79.19588629,6.324270089,92.07835761,banana
112,73,48,29.244063800000006,77.32017166,5.7074889870000005,90.66727868,banana
117,76,47,25.56202173,77.38229006,6.119216009,93.10247183,banana
89,83,47,28.09577643,77.79586769,5.63127166,109.5408614,banana
93,91,47,27.84767901,83.31110751,6.101241579,117.2878912,banana
92,81,52,27.39341554,81.4654833,6.438137278999998,94.31102057,banana
105,74,45,25.14517635,81.38204104,6.098369122,119.218154,banana
102,71,48,28.65456263,79.28693687,5.695267822000001,102.4633775,banana
116,71,47,27.57278064,82.0638878,6.435785799,91.34276507,banana
117,79,49,25.40909896,82.36208097,6.176644228,112.9794804,banana
119,72,55,25.99069521,83.33983116,6.220643671,112.0777152,banana
99,73,53,26.29039046,81.06003778,5.8717022110000014,118.6730366,banana
91,84,52,29.14827211,78.71024836,6.390741836,117.536781,banana
80,90,47,26.59743595,79.35898915,6.21084479,107.3944717,banana
101,70,48,25.36059237,75.03193255,6.012696655,116.5531455,banana
108,89,53,29.12036889,80.18080728,5.908770059,112.3982055,banana
100,80,52,27.53911354,77.25629897,6.049801781,110.3262123,banana
109,91,53,29.66727337,83.51014178,6.010095852999999,110.2511102,banana
82,78,46,25.05802193,84.97323747,5.738678895,110.4408803,banana
106,70,55,25.86824781,78.52399914,5.74055541,116.3019555,banana
90,86,52,25.85036988,81.95580471,5.793260262,119.08561709999998,banana
119,90,48,28.66725136,79.59242542,5.986442306,118.2583441,banana
107,72,45,28.14938935,81.54448882,5.790768046,91.40508414,banana
116,81,55,26.42313317,83.69950440000002,5.915546415,95.12322062,banana
101,75,50,26.59386409,81.40740301,6.242528277999999,109.9825551,banana
93,81,50,27.71822477,76.57853189,6.0360792660000016,102.2099836,banana
95,75,45,28.98333432,82.95958244,5.829898502000001,109.022564,banana
107,71,55,29.42017919,83.96754496,6.088064451,117.229079,banana
83,94,47,27.39872329,81.10523402,6.469370954,112.1355384,banana
102,73,54,26.4020227,84.41007614,5.720726906,111.0162259,banana
86,79,45,27.81251452,82.69285419,5.80766417,99.20961514,banana
117,86,53,25.19640218,83.55829874,5.703381727999999,115.8586081,banana
111,79,53,28.31193338,75.77363772,6.165001277999999,119.695765,banana
95,74,50,25.90113128,80.47152737,6.002481605,110.10323,banana
91,75,55,27.48612983,76.11239849,6.212369363,109.2768851,banana
93,83,46,29.38254012,83.50423735,5.765308943,109.2486647,banana
92,85,51,29.22118628,81.08183635,5.740764682000001,108.8616474,banana
104,80,54,27.09062164,81.33506906,5.879119455,110.1331182,banana
103,72,51,26.12643374,81.81365007,6.099478745,104.4812858,banana
92,75,45,29.01207743,77.95192527,5.674403358999999,90.43495443,banana
93,85,49,27.96799119,79.28625709,5.694243847,119.4765557,banana
120,87,52,28.0764455,76.05522115,5.905494703,118.99235729999998,banana
108,72,46,25.16278237,84.97849241,6.110844721,90.94554618,banana
105,88,54,25.78749808,84.51194224,6.020445317,114.2005455,banana
98,79,50,25.34119774,84.47321314,6.435917308,91.06493353,banana
97,74,45,26.47522633,78.51833782,5.677719902000001,113.1161095,banana
95,82,48,27.39489579,83.31172003,5.719014989,92.78133617,banana
89,91,55,25.08347445,80.26173100000003,6.275572297999999,94.32961456,banana
89,85,55,26.671983500000003,76.48541655,6.275384607,91.73358569,banana
118,88,51,25.44926208,79.49221962,6.201911642000001,100.6619171,banana
101,92,45,28.22776705,80.64303840000002,5.758054257,98.00403016,banana
99,92,47,28.127950899999995,77.48247073,6.3239336470000005,103.5045395,banana
82,77,46,28.9470467,82.1888998,5.901100841,95.83016448,banana
90,86,55,27.96236771,84.15403614,5.644486582000001,97.55986676,banana
95,88,52,28.00316034,78.90085998,6.235461772000001,94.68180316,banana
104,73,46,29.1400919,80.1190228,6.28236237,90.45142867,banana
102,73,52,27.9122104,83.36307683,6.356090905,90.24211529,banana
100,74,52,25.43480512,81.53977797,5.837258235,96.47800391,banana
94,89,48,28.55980972,84.51602322,5.653437902,111.0843029,banana
99,70,46,26.59580783,82.99556744,5.727469947,100.5123341,banana
112,87,48,27.19711623,77.39706290000002,6.200111067999999,99.46950465,banana
96,86,51,29.90888522,76.98740841,6.257369799,91.99964712,banana
113,85,45,27.94972463,76.63713353,6.037430836,109.0921631,banana
105,93,46,25.01018457,78.76260938,5.760457558,108.3690513,banana
85,89,51,29.21144871,84.70189923,6.1581644220000005,108.5501443,banana
108,94,47,27.35911627,84.54625006,6.387431382999999,90.81250457,banana
92,81,52,28.0106804,76.52808057,5.891413895,103.7040783,banana
110,71,54,28.67208915,82.20793613,5.725418961,94.37987496,banana
82,75,55,27.34585147,78.48738349999998,6.281069505,92.15524332,banana
37,30,34,27.53907547,53.63549533,6.797779227,99.35408185,mango
30,17,31,31.20478173,54.49960506,6.804437106,94.62954663,mango
8,33,29,29.98080499,49.48613279,6.442393461,91.82271568,mango
34,16,25,30.07202564,50.96040505,6.10729559,92.09609766,mango
11,36,31,27.92063282,51.77965917,6.47544932,100.2585673,mango
1,30,29,28.33333307,51.39586505,6.4341977560000005,91.67241761,mango
26,32,32,30.91471455,49.92963856,6.810186079,90.14047759,mango
5,19,25,27.351105600000004,54.43945147,6.441328044,96.27792547,mango
36,26,26,30.17294105,51.0845903,6.814630246,95.23444287,mango
11,34,32,29.14305008,49.40983294,6.831706773,97.55155537,mango
29,35,28,28.347161100000005,53.53903102,6.9674177660000005,90.40260445,mango
2,24,34,28.89409382,54.80750249,6.472774648,94.76322976,mango
15,36,27,27.78912455,53.96886679,5.6437102160000014,91.01152997,mango
26,24,34,31.27180992,52.23810152,6.811291098,89.74409017,mango
2,36,31,30.90225239,49.95955487,5.73171945,91.77522598,mango
28,23,28,30.01821337,50.09831810000001,5.676032581,96.08745082,mango
8,37,33,28.07802689,54.9640534,6.128167757000001,97.45373619,mango
22,18,33,30.41235793,52.48100602,6.621623545,93.92375879,mango
119,25,51,26.47330219,80.92254421,6.283818329,53.65742581,watermelon
119,19,55,25.18780042,83.44621709,6.818261382999999,46.87420883,watermelon
105,30,50,25.29954705,81.77527562,6.37620108,57.04147057,watermelon
114,8,50,24.74631269,88.30866319,6.581587932000001,57.95826144,watermelon
80,26,55,24.53442564,88.989272,6.140099215,49.11618732,watermelon
85,27,45,26.0713757,88.7285657,6.467095849,57.79652846,watermelon
85,22,53,25.96534238,89.77076659,6.849471704,59.46338556,watermelon
82,22,45,26.22338015,85.34866045,6.512196212,54.60159289,watermelon
118,13,54,24.41311871,89.81574032,6.039584629,44.07843475,watermelon
83,25,53,26.49195283,80.04678201,6.057697106,57.72799157,watermelon
86,15,47,24.04355803,84.18406764,6.423898762,53.78929956,watermelon
101,10,47,25.5421695,83.31883376,6.936997681,57.57343233,watermelon
95,12,51,25.76484262,84.17269959999999,6.681606702000001,44.22066914,watermelon
102,14,52,26.79489868,89.64815231,6.51075991,57.74091817,watermelon
109,21,55,24.9004602,89.73524177,6.770278088,57.44942094,watermelon
81,18,50,26.80750629,88.22874955,6.429788072999999,58.79889057,watermelon
103,17,51,25.11189154,80.02621335,6.209888345,44.20656987,watermelon
105,14,50,26.2148837,87.68839820000002,6.419052193,59.65590798,watermelon
97,8,52,24.9103226,86.97190046,6.237861736,49.48575692,watermelon
120,19,49,25.79448878,84.26830701,6.762471628999998,56.45229202,watermelon
83,29,52,25.76402693,87.5931128,6.704688865,46.05122728,watermelon
83,9,45,25.85483596,89.13163965,6.049609892,46.85176955,watermelon
91,21,50,24.33528185,81.44030363,6.762030215,48.32113628,watermelon
116,5,54,25.37601283,80.99313508,6.65398725,57.23028471,watermelon
112,28,54,24.86094646,85.05318563,6.738030547,55.29563514,watermelon
88,29,51,24.71885473,88.94568335,6.095689937,48.45978627,watermelon
118,15,45,24.21495706,84.20576992,6.538006356,48.01138482,watermelon
92,21,48,25.81692236,82.043255,6.377427122,54.82963379,watermelon
106,14,45,24.47018505,84.16390229,6.417011754,57.26773002,watermelon
99,5,47,24.13078816,84.84494575,6.649086972,51.19470197,watermelon
98,8,51,26.1793464,86.52258079,6.25933595,49.43050977,watermelon
108,22,46,26.17668721,86.72952049999998,6.121168559,53.33484977,watermelon
119,7,55,26.03867719,84.6378378,6.031424482,44.3993381,watermelon
117,27,48,26.53259325,82.39053979,6.835268183999999,54.30660782,watermelon
109,10,53,26.81938687,87.8274604,6.5517503060000015,46.06193778,watermelon
80,16,46,25.50405534,81.40297428,6.940236218,48.47833278,watermelon
100,18,52,26.20234499,80.38266489,6.87606733,56.47941847,watermelon
107,5,52,26.6634609,89.98405233,6.8814257460000015,57.40847165,watermelon
103,16,49,24.06731461,81.64075303,6.915717008,51.75212401,watermelon
101,20,48,24.6774157,82.75411437,6.206247493999999,57.05709413,watermelon
85,25,47,26.11440416,87.64081095,6.29542477,58.48160844,watermelon
84,7,51,26.81530456,87.65694462,6.399669044,55.74073582,watermelon
102,28,54,25.15623099,80.27525115,6.862157042000001,55.49541453,watermelon
98,25,52,25.2801372,83.15393658,6.224066378,49.29456609,watermelon
97,25,50,26.22005978,80.90127035,6.093814669,49.08553937,watermelon
90,16,45,24.92093261,80.61750795,6.291540277999999,50.55710813,watermelon
95,12,46,26.21667586,81.01009354,6.32281728,54.65423596,watermelon
82,23,49,26.81383586,87.21986949,6.873283991,51.70497792,watermelon
82,25,51,24.31334971,87.47409052,6.074209622000001,48.11248366,watermelon
110,28,46,24.29105004,88.04541346,6.49889585,51.26046418,watermelon
118,21,51,24.42998931,86.33904774,6.678805092,48.58241822,watermelon
120,20,45,25.66576039,88.6984228,6.114128685,54.22722466,watermelon
91,7,52,25.07803672,83.46230461,6.405054243,56.39962921,watermelon
81,6,55,24.88910524,85.87059083,6.110142735,51.70699144,watermelon
101,13,54,25.42900869,82.91481799,6.828982708,56.34144589,watermelon
101,17,55,24.37118217,87.1269128,6.451499763999999,44.63907691,watermelon
111,6,53,26.493064500000006,88.59143088,6.313512998999999,46.06382209,watermelon
107,10,49,25.83202912,89.00481725,6.755192025,45.24690619,watermelon
84,25,52,24.37190239,81.2514818,6.12532356,44.20899581,watermelon
120,7,47,24.24782473,83.03687902,6.653867608,54.76576239999999,watermelon
91,12,46,24.64458469,85.49938185,6.343942518,48.31219031,watermelon
89,22,52,24.89681131,86.10782926,6.217300786,53.14626213,watermelon
113,19,46,25.41864024,81.12122989,6.286387658,49.52320689,watermelon
97,22,50,26.26028739,86.14585891,6.769893799999998,58.97878791,watermelon
117,30,50,24.90123934,87.20772913,6.744966312000001,46.59207341,watermelon
90,14,52,24.84740848,89.20454622,6.391858432,59.67927244,watermelon
81,16,45,26.90435747,86.25426228,6.727468157000001,59.75980023,watermelon
92,7,45,26.70607759,81.14149505,6.944640222,51.51033554,watermelon
81,18,50,26.44019475,80.91934337,6.507110986,47.81847573,watermelon
111,5,55,26.283443,84.42478917,6.520663422,50.78669728,watermelon
83,10,53,24.92994759,85.00802358,6.195142279,48.75859458,watermelon
101,11,51,25.50736962,84.24340241,6.792035575,44.2068997,watermelon
114,21,55,25.4438391,87.93923120000002,6.472756256,57.51549686,watermelon
92,20,55,25.10474753,87.52676159999999,6.5877912620000005,59.26519444,watermelon
92,7,48,26.27520631,86.63249555,6.956508826,54.38748495,watermelon
91,24,55,26.27061608,83.09194521,6.259086582999999,46.76837499,watermelon
110,21,54,26.73690828,87.82430156,6.747537642,47.46447019,watermelon
112,25,51,25.04746944,85.5667282,6.932537231,56.72496677,watermelon
89,25,54,24.69368934,85.56967628,6.353107392999999,48.99390828,watermelon
83,22,54,25.89762315,81.96664832,6.277245253999999,54.49960057,watermelon
95,14,50,26.6333118,84.31756844,6.560443519,56.31866159,watermelon
119,30,49,25.35794749,80.45846265,6.903020221,47.72078245,watermelon
97,12,47,25.28784623,89.63667876,6.765094963999998,58.28697664,watermelon
110,7,45,26.63838589,84.69546874,6.189213927000001,48.32428609,watermelon
83,23,55,26.89750174,83.89241484,6.463271076,43.97193745,watermelon
120,24,47,26.98603693,89.4138489,6.260838965,58.54876687,watermelon
20,7,9,29.47741671,91.57802915,7.1291369410000005,111.1727497,orange
26,27,10,28.06903173,92.91487288,6.079998496,114.1339416,orange
5,23,15,25.66901098,92.04670813,7.408939392000001,112.5424199,orange
0,18,14,29.77149434,92.00719952,7.207991261,114.41617859999998,orange
39,24,14,30.55472573,90.90343769,7.189259647,106.0711985,orange
33,12,8,25.26052689,90.31153735,6.822282114,117.36952959999998,orange
6,9,12,31.08368929,90.14362642,7.028746406000002,109.6894658,orange
9,11,8,24.85903405,94.39000473,6.559236744,111.78037340000002,orange
0,25,14,19.33516809,91.97978938,6.361671475,116.450422,orange
8,7,10,28.2620488,91.98317355,6.929216014,105.2132259,orange
21,29,12,22.30318989,92.15987039,6.438668989,117.3688104,orange
33,12,15,30.25578031,92.03272799,6.052318465,116.7173125,orange
16,7,8,22.79196751,90.60901895,6.420457311,116.5084074,orange
6,8,11,24.35590861,92.39651663,6.600948787999999,119.6946577,orange
9,10,10,22.3551049,93.52211892,6.010391864,101.5164589,orange
18,5,11,20.87947369,90.93756231,6.251586885,102.4550786,orange
12,20,10,24.45132792,93.10527686,6.528354932,109.4711098,orange
12,6,8,30.84835031,92.86773675,6.388617138,107.4142681,orange
19,24,15,20.48954522,93.72485075,7.137136973,111.83919509999998,orange
20,8,12,25.2990432,94.96419851,7.260416405,117.9733424,orange
19,7,9,27.255435,91.71369387,6.969883482999999,101.139435,orange
18,23,8,21.49118657,93.43949693,6.41354791,101.4819888,orange
18,14,11,28.04799508,90.00621688,6.550814117000001,117.1311498,orange
20,29,10,29.07412717,93.27189064,7.36549204,100.7896871,orange
13,8,12,25.16296632,92.54736032,7.105904818,114.3117197,orange
54,65,47,27.92765919,91.55594211,6.721835879,149.91075569999995,papaya
39,70,52,26.26559543,90.79668055,6.65149129,59.49373381,papaya
34,61,49,28.12971499,93.3210737,6.502675132,117.8201907,papaya
43,50,48,28.28222883,91.37059792,6.63016515,179.27208069999998,papaya
60,46,53,24.48620746,92.98254537,6.761953186,183.49095,papaya
39,64,52,28.91842453,94.63676767,6.678695788,63.68794608,papaya
49,54,50,25.62446619,93.18240298,6.762522087000001,97.26336657,papaya
68,52,49,24.42561272,92.27749066,6.577192175,63.35298768,papaya
50,46,52,31.18298415,90.21646909,6.734005647999999,54.01872359,papaya
49,55,51,24.87212063,93.90560147,6.676578778,135.16945249999998,papaya
63,58,47,26.83054058,90.75379971,6.864143752,144.66564440000005,papaya
70,65,52,30.42012134,93.12659793,6.583528529,75.95295,papaya
63,50,52,28.64555584,93.22642604,6.751747609,115.8163936,papaya
45,58,49,30.10773379,90.34546355,6.827812549,75.24521981,papaya
66,69,47,23.69212243,93.61055571,6.912299695,87.53393983,papaya
69,67,52,27.71948962,94.43877142,6.827305908,82.83061083,papaya
45,57,47,23.16855863,90.78821158,6.656458831,161.68920930000004,papaya
68,69,52,25.65492304,92.74501561,6.813383387000001,52.95477913,papaya
32,55,51,29.60718808,93.15642801,6.57398033,62.68710535,papaya
48,62,47,25.34756111,93.02871078,6.803094965,174.40123369999995,papaya
48,57,54,29.02328049,90.20396783,6.617703177999999,126.8069869,papaya
38,61,52,31.22790131,94.94021378,6.620729882000001,46.44279118,papaya
57,64,55,26.68386496,92.9585411,6.583760498999999,62.50689682,papaya
51,57,55,24.70528368,90.14732171,6.6764073370000006,108.4103158,papaya
68,70,54,31.29986342,92.76039164,6.986228647000001,54.77830202,papaya
13,28,33,28.130115000000004,95.64807631,5.686972967000001,151.0761899,coconut
2,21,35,25.02887163,91.53720922,6.293662362999999,179.8248944,coconut
34,6,27,25.84726298,90.92669463,5.8607404810000014,147.8888994,coconut
27,8,32,27.00648436,96.46168931,5.627860548999998,144.3331315,coconut
9,17,32,25.94951662,93.40548703,5.842317989,172.0540491,coconut
31,6,26,29.12859129,91.30924833,5.741367375,157.2388553,coconut
24,6,32,28.11321494,90.01734526,6.387067562,172.48136409999995,coconut
10,9,28,29.01256899,94.01014388,6.282955072999999,150.05003119999995,coconut
36,27,26,26.58413917,95.78923137,6.25449571,171.6262299,coconut
11,6,25,28.69164799,96.65248672,6.081568052000001,178.9635457,coconut
33,14,35,27.14865285,96.66355213,6.027707171,149.2433497,coconut
16,6,29,29.28725038,91.95614918,5.868285082000001,132.1491176,coconut
32,11,31,25.06871967,93.31410447,6.205931637999999,134.84190690000003,coconut
8,6,33,28.27804288,93.64761266,6.095261012999999,171.9457959,coconut
27,22,29,28.83214859,92.17170353,6.000248647,145.41723869999996,coconut
30,30,35,25.00872392,95.59224018,6.001936419,165.8092179,coconut
39,7,29,27.54273211,94.59086121,6.362544111,150.2012138,coconut
7,15,32,25.03512351,95.89739958,6.182232762000001,174.796583,coconut
18,19,29,27.59376845,92.48519606,6.206077742000001,162.8432736,coconut
7,21,35,25.76011662,94.65830608,5.764812076,131.24514140000002,coconut
24,27,34,28.87862994,95.11320315,6.203376525,145.0583117,coconut
10,24,27,27.57283516,94.90485697,5.7084096010000005,145.9298935,coconut
32,11,31,29.51611558,92.56492864,6.461225827000001,131.2116167,coconut
20,29,27,25.09897688,92.36099489,6.047044342,157.7592626,coconut
31,29,35,27.1872282,92.19906776,6.137102505,141.3220576,coconut
26,18,27,27.45907759,92.90736493,5.836075368,142.1430003,coconut
1,6,35,27.02269204,95.71935435,6.231662767,147.16824590000004,coconut
27,30,31,28.98545306,90.73966792,5.718120393,148.8398374,coconut
23,7,34,26.1055118,91.52421214,5.852038202,134.1279669,coconut
25,12,26,28.56973521,95.67906668,6.436314406,134.83703480000003,coconut
40,5,32,26.07010807,96.7036223,5.981169595,143.533473,coconut
0,19,31,25.51791333,94.38420565,6.271952832999999,178.7297725,coconut
26,9,32,25.9490364,94.73860514,6.470465614,144.15711090000005,coconut
35,30,34,28.2974764,95.41122824,6.141502001,182.4482352,coconut
31,13,33,29.69952329,95.21224392,6.342463714,148.30036919999995,coconut
30,13,25,27.15116142,91.48889469,6.413184638,164.9182225,coconut
18,12,35,26.13958446,96.38580769,6.338720873,131.3387935,coconut
8,28,30,25.51618488,94.33465411,6.015672239,135.1272491,coconut
23,21,26,26.45488737,93.45042636,5.901495543999999,149.2220255,coconut
37,5,34,25.79490531,93.84150618,5.779032666,152.42387119999995,coconut
133,47,24,24.40228894,79.19732001,7.231324765,90.8022356,cotton
136,36,20,23.09595631,84.86275707,6.925412377000001,71.29581071,cotton
133,47,23,24.88738107,75.62137159,6.827354668,89.76050416,cotton
126,38,23,25.36243778,83.63276077,6.176716425,88.43618918,cotton
126,50,19,24.69457084,81.7358876,6.6287228360000015,78.58494391,cotton
113,41,20,25.0017188,80.53965818,7.256877571,96.32600992,cotton
121,45,22,22.45942937,81.30681027,6.443785385,64.23026638,cotton
129,60,22,24.58453146,79.12404171,5.947448589,71.94608134,cotton
107,45,25,23.0865933,83.55546146,7.2277455160000015,71.84080724,cotton
122,59,18,23.5000992,83.63488952,6.219469084,79.81328183,cotton
140,38,15,24.1472953,75.88298598,6.021439523,69.91563467,cotton
102,49,21,24.69315538,84.84422454,6.253343655,89.799462,cotton
111,40,25,24.48469200000001,84.44932014,6.187455798999999,90.94342484,cotton
131,35,18,24.49112609,82.24415809,7.0576933660000005,64.02949379,cotton
135,43,16,23.47986888,81.73049149,6.720449769,86.76287924,cotton
100,46,18,24.18586246,76.04203958,6.4316895060000006,69.08056728,cotton
117,56,15,25.99237426,77.0543546,7.368258226,89.1188212,cotton
121,36,24,23.66457347,81.69105088,7.352401887,99.36898373,cotton
101,58,18,25.66891439,81.38103349,6.652143699,78.59595817,cotton
107,42,24,22.04612876,84.62978302,6.144631795,86.00758678,cotton
100,41,22,22.4204752,84.55794703,7.318802162000001,93.46595573,cotton
105,60,23,23.53371386,77.21705554,6.207652157,87.54004943,cotton
102,46,19,22.77076388,82.5993307,6.631005298,81.49543437,cotton
131,49,22,25.49848236,79.9751579,7.306918817000001,67.05961949,cotton
139,35,15,25.248679,83.4630147,5.898293044,86.55517751,cotton
108,36,19,22.78249615,77.51235009,7.238566893,64.61444234,cotton
107,51,22,24.86560781,78.22080815,5.983075895,79.56866268,cotton
125,60,17,24.14386157,84.51591287,6.785723961,80.36146974,cotton
113,37,20,25.03300222,79.04368718,7.393441155,97.10087029,cotton
131,52,16,23.65724079,84.47601498,6.486068274,88.54479121,cotton
115,48,16,25.54359718,84.09229796,7.175934962,88.94245493,cotton
113,38,25,22.00085141,79.47270984,7.388265887999999,90.42224164,cotton
111,41,18,23.64328417,78.1258666,6.10539819,80.96157332,cotton
111,53,19,23.96436009,78.02763149,6.419536555,84.63148859,cotton
122,48,16,24.65425757,75.6350708,6.307585854,61.82980133,cotton
108,46,17,24.3017998,84.87668973,6.93221485,65.0247867,cotton
103,42,17,24.29470232,84.61527627,6.527541661,81.05902285,cotton
127,37,18,24.87663664,76.30050373,7.041065585,91.9223468,cotton
110,39,25,22.60612115,77.34264002,7.208795456,75.13617229,cotton
131,38,19,23.86814008,75.68339729,6.814341946,90.4547185,cotton
122,40,17,24.96440768,81.31677618,6.854558957,80.03995829,cotton
140,40,17,22.72767171,77.07598065,6.006085786,77.55176318,cotton
123,50,16,23.04920461,75.53835214,6.498052108,70.65644296,cotton
107,36,21,25.29250148,75.66653335,6.205263534,62.64174227,cotton
118,50,19,22.95604064,82.33733678,6.360812227,66.48339303,cotton
103,51,20,22.80213132,84.14668447,7.0466074339999984,91.6389565,cotton
129,47,20,24.41212325,80.80343786,6.281913857999999,98.60457373,cotton
116,52,19,22.94276687,75.37170612,6.114525877,67.08022574,cotton
114,40,23,25.53676123,81.13668716,6.7539780610000015,95.4262599,cotton
131,60,17,25.32023717,81.79475917,7.4250413160000015,83.46532547,cotton
107,43,18,22.426733,81.53480799,6.745104394,65.54475812,cotton
112,49,25,25.68959532,77.90621048,6.470135478,66.19426787,cotton
119,44,15,22.14593688,82.85975490000001,7.091992365,60.65381719,cotton
130,59,19,25.07278712,82.50257909,6.520403794,93.51042684,cotton
127,53,24,22.21506982,76.17851932,6.127939627999999,70.40557612,cotton
132,52,19,24.16402322,76.7433897,6.436691764,61.94626051,cotton
102,37,25,25.31468463,77.91757121,5.907930899,72.82902109,cotton
111,39,22,22.60361557,80.35090459999998,6.135025006,88.57395505,cotton
117,51,15,22.9535715,78.71555832,6.044556594,99.75336197,cotton
134,56,18,23.80834611,83.91902605,6.691268104,70.97358303,cotton
112,54,15,25.46228792,81.56641891,6.1754923060000015,76.88582484,cotton
105,56,15,25.96779712,81.97904282,7.272316208999999,74.14169043,cotton
140,45,15,25.5308271,80.04662756,5.801047545,99.39557151,cotton
126,46,25,24.43847399,81.69801729,6.757457943,60.79645852,cotton
106,49,24,23.03887865,76.47039772,6.983395572999999,90.64770699,cotton
108,60,17,22.75805656,76.75768356,6.558902588,97.76600619,cotton
129,43,16,25.5503704,77.85055621,6.73210948,78.58488484,cotton
118,44,23,22.08458267,82.82904143,6.6916904760000016,67.06459777,cotton
126,37,21,25.84997269,84.16855231,6.61448588,77.03421249,cotton
102,45,16,23.65629976,77.52425987,7.2942193,74.8984994,cotton
114,40,17,24.32630461,80.13456404,6.363406102000001,69.45072055,cotton
106,46,20,23.43821725,78.63388824,6.2006719760000015,81.15072105,cotton
113,38,20,22.10718988,78.58320116,6.364729934,74.94136567,cotton
102,53,21,23.03814028,76.11021529,6.913678684,91.49697481,cotton
120,60,15,22.31871914,83.86129998,7.288377241,65.35747011,cotton
89,47,38,25.52468965,72.24850829,6.002524871,151.8869972,jute
60,37,39,26.59104992,82.94164078,6.033485257000001,161.2469997,jute
86,40,39,25.72100868,88.16513579,6.207459637,175.60866969999995,jute
63,37,43,23.41798979,85.08640476,6.661957897000001,185.7446728,jute
70,43,40,24.35564134,88.80391021,6.176860192,169.11680280000004,jute
67,55,44,26.284017,75.14640198,7.251847296,182.2685447,jute
74,40,40,25.13842773,83.12053888,6.386259977999999,169.33884650000005,jute
89,53,44,24.88692811,71.91711523,7.319735475,150.2498675,jute
60,55,40,24.9949957,88.95692783,7.02777956,151.4935635,jute
70,38,35,24.39736241,79.26861738,7.014063944,164.2697011,jute
82,35,44,26.96656378,78.21047693,6.239011,169.8391177,jute
73,45,37,23.70467146,74.63745355,6.742688094,181.2783964,jute
85,53,38,24.90075709,73.84186449,6.588017308,153.8990984,jute
81,56,36,23.39605743,72.60512854,7.097586415,174.78764109999997,jute
84,55,38,26.8748389,79.78725152,6.956682742999999,173.1017097,jute
80,45,42,23.1426498,74.99739774,7.380396262,151.9035477,jute
76,54,45,24.29496635,77.62976013,6.176618831,184.9800516,jute
81,40,45,25.7629429,80.76238215,6.427726565,174.5071843,jute
76,44,45,25.4879684,84.48235878,6.740947635,168.7848886,jute
69,47,40,25.37122686,76.2403666,6.130136384,183.8270791,jute
82,40,45,26.21312799,81.70476368,6.667633355,180.1237765,jute
69,57,35,24.30748599,78.54340987,6.1868143920000005,186.2337571,jute
81,36,38,23.76554749,87.98329901,6.334837865,150.31661519999997,jute
67,60,38,24.79853023,78.53037059,7.16214284,162.2847429,jute
65,39,45,23.66805429,70.89000744,6.768001309,184.4633281,jute
78,50,43,25.12417673,85.72530641,6.348441469,159.5718087,jute
77,52,41,23.89069041,83.46409075,6.097294061,167.72306319999996,jute
90,48,45,24.06475727,71.31342851,6.509174788999999,153.63902119999997,jute
66,47,36,24.85441411,74.44070479999998,6.57256106,175.572958,jute
77,51,44,23.25583402,82.7015932,7.124333547000001,166.2160846,jute
94,37,41,24.7634518,87.06071115,6.4635387070000005,179.1630865,jute
75,41,35,24.97042599,78.62697699,6.856833064,166.6415254,jute
60,55,36,26.12797248,80.49172597,7.132389299,150.6326874,jute
62,56,35,25.97825807,81.65769588,6.235357637999999,163.3488091,jute
84,40,42,26.2830571,73.35763537,6.704273839,186.6898282,jute
75,56,44,25.2746335,73.7459581,6.109478059,168.0432282,jute
78,46,42,23.09499564,78.45959697,7.095413294,155.3851533,jute
100,58,41,23.17403323,87.88255345,6.6587699910000016,160.6217342,jute
88,50,40,25.63215038,79.95150917,7.0518224720000005,182.2582277,jute
67,41,40,25.84879500000001,87.81661683,7.333143205,152.6194403,jute
72,42,43,26.56767277,80.90424543,6.352771037,181.2915605,jute
89,57,43,26.91515043,73.19897535,6.998787171,177.22330480000005,jute
61,41,44,24.36972377,82.11319791,6.537914957999999,159.92109340000005,jute
79,45,43,25.71901283,79.15532398,7.171054239,187.1735424,jute
84,40,43,25.01157559,88.33130229999998,7.228268227999999,169.4168014,jute
75,36,44,23.28081,74.27607475,6.613341342999999,153.7447398,jute
89,58,35,23.98651719,82.09053379,6.096838784,167.0576456,jute
77,48,36,25.86705009,84.09985284,7.36008498,154.83908469999997,jute
66,58,35,23.5643831,79.46283115,7.321619041,185.25947,jute
82,35,35,25.49386782,86.97061481,7.299076163,176.5268267,jute
99,57,38,24.80624984,82.09281674,6.356295567999999,156.3616174,jute
70,42,43,23.16814977,76.66724969,6.508342839,157.1215052,jute
90,59,35,24.25133493,89.86454053,7.098227926,175.1742112,jute
73,43,42,26.58361011,78.00774772,6.310699968,154.8238864,jute
67,46,44,26.82489244,78.20392774,7.093328631,153.91998069999997,jute
84,37,42,25.49674786,81.13449097,6.691074249,169.92882340000003,jute
72,41,36,24.09874353,80.57226761,6.187746776,176.8604109,jute
71,56,37,23.18866654,86.20899734,6.491506245,176.103677,jute
64,53,38,26.24347471,78.51063754,6.855362875,183.4065252,jute
65,54,39,23.75091572,71.14782585,7.124571593,160.0889553,jute
60,58,37,26.13871511,79.1188943,6.067302109,171.4892533,jute
90,50,44,26.91643698,73.48655995,6.253408852000001,171.4716375,jute
91,38,36,26.5232969,77.17331847,7.287318722999999,157.8548562,jute
72,41,36,26.50838667,86.84264005,6.065898282999999,152.9801697,jute
82,46,41,23.325013100000003,79.79609448,6.581693772,187.3096148,jute
71,52,43,26.47549543,73.96164569,6.732826127,180.2513601,jute
80,43,43,23.78756036,74.36794079,6.014572075,172.64426540000005,jute
95,57,41,23.24925555,73.65346838,6.434610995,184.7674863,jute
93,43,38,23.61475336,86.14290267,6.987332927000001,150.2355238,jute
87,44,43,23.87484465,86.79261344,6.718725189,177.5147313,jute
88,52,39,23.92887902,88.07112278,6.880204617,154.6608736,jute
84,38,43,26.57421679,73.81994896,7.26158085,159.3223075,jute
107,21,26,26.45288458,55.32222678,7.235070264,144.68613359999995,coffee
83,38,35,25.70822684,52.88667115,7.18915558,136.73250919999998,coffee
108,24,31,24.12832546,56.18107663,6.431899747999999,147.27578180000003,coffee
116,28,34,23.44372334,60.39523266,6.42321105,122.2103248,coffee
116,23,25,23.4123707,52.26994674,6.869720196,139.3670753,coffee
109,31,27,23.05951896,50.40609436,6.973839707000001,164.4971875,coffee
89,25,34,23.07895447,63.65861483,7.184801627000001,129.8765443,coffee
118,18,32,27.6496114,51.11044023,6.351823783,122.8392822,coffee
111,32,34,25.46743689,69.35161206,6.392048018,171.37644619999998,coffee
84,36,28,26.7350622,55.55164819,6.119892347,140.63052130000003,coffee
99,15,27,27.0424167,57.27927475,6.501157208,165.6872119,coffee
81,30,31,24.65090184,51.93952357,7.027585558999999,135.1386537,coffee
95,39,29,27.35152643,55.99375012,7.13411409,148.98125249999995,coffee
81,34,30,25.17787724,62.26244581,6.6477659970000005,135.0119649,coffee
80,15,28,23.11438731,68.00096043,6.703270635,161.8944624,coffee
100,32,26,25.234661,57.53161469,6.043485685,124.2261737,coffee
104,26,30,24.40726724,62.65692638,6.410992833,148.6977358,coffee
108,33,31,23.69287069,66.76090123,7.393825704,144.6576424,coffee
98,18,27,27.56088634,68.49299897,6.516312148,167.43580749999995,coffee
84,39,35,23.17714381,52.13864034,6.959404135,117.3113562,coffee
118,21,34,24.38534644,64.72543073,7.234258375,119.6324109,coffee
103,27,31,27.15998538,51.59100753,6.691541233,126.1752206,coffee
82,24,33,26.53543168,67.09608099,6.809593554,120.6494434,coffee
88,35,35,27.55906475,58.45742907,6.784460602,117.9389993,coffee
84,27,29,23.32293161,53.00366334,7.167092586,168.26442869999997,coffee
120,40,33,24.23850608,54.30329632,6.73410539,115.1564012,coffee
106,40,30,23.42611644,64.10651528,6.779984384,122.6847408,coffee
113,21,33,26.02241444,55.83288958,7.277422737999999,176.90209240000004,coffee
117,34,25,24.83846178,56.7685316,7.21270048,124.4135035,coffee
88,21,27,24.43011925,66.02411187,7.231166546,181.6368274,coffee
113,33,34,26.00373964,62.144510200000006,6.559817161000002,153.477776,coffee
97,29,27,27.74576987,54.36976075,7.205078785,139.8619431,coffee
85,35,32,26.24928198,54.28617819,6.854011265,133.1120232,coffee
82,29,35,26.67377159,52.24226285,6.246872394,156.15438980000005,coffee
103,33,25,27.10210397,55.74973320000001,6.911066044,139.5013171,coffee
99,19,33,27.536454700000004,55.51673151,6.273741983,130.6377143,coffee
120,20,34,23.56960509,50.56339727,6.906124587000001,130.3797119,coffee
100,40,35,27.56441788,54.41094079,6.9557873510000015,177.816092,coffee
108,35,25,23.98143338,61.10935084,6.971963169,161.5279095,coffee
115,31,30,24.22984659,67.37768353,6.840927967000001,122.4073418,coffee
87,28,30,25.60153969,68.66257977,6.536676653,168.8383605,coffee
82,24,26,24.31274458,53.57285558,6.089443602999999,184.4103931,coffee
87,28,35,26.5602777,57.1621814,6.759211911,152.0616227,coffee
87,38,29,25.20406808,57.88370456,6.652642579,156.1457255,coffee
92,40,30,23.35723208,55.18792166,6.026287448,171.6976946,coffee
97,22,26,23.60567546,59.68849145,6.074190142000001,185.1568059,coffee
99,40,32,24.18471151,69.94807345,7.0455430560000005,163.27087319999995,coffee
89,28,33,26.44414097,53.83876189,6.9932360010000005,175.3723314,coffee
112,39,29,26.12492233,63.37479229,6.726528895,147.8035305,coffee
117,26,30,27.92374437,67.96910852,7.079850922,115.2325531,coffee
111,29,31,26.05968403,52.31098539,6.136286518,161.3432535,coffee
119,30,28,26.35770906,64.57578034,6.5052036960000015,163.62694960000005,coffee
116,40,33,24.91370487,54.15319242,7.042089492000001,129.5481144,coffee
117,37,32,23.1069385,67.06230539,6.787658922,162.57696059999995,coffee
105,18,35,23.52648086,68.44030686,6.743417121,171.8839938,coffee
80,18,31,24.02952505,58.84880599,7.303033217,134.6803969,coffee
101,31,26,26.70897548,69.71184111,6.861235184,158.86088869999998,coffee
103,33,33,26.71717393,50.50148528,7.131435858,126.8073984,coffee
93,26,27,24.59245684,56.46829641,7.288211994,137.70440469999997,coffee
104,35,28,27.51006055,50.66687215,6.983732393,143.9955548,coffee
116,36,25,27.57847581,58.52534263,6.172090205,156.6810374,coffee
107,38,29,26.65069302,57.56695719,6.35118177,145.105065,coffee
101,33,33,26.97251562,62.0183627,6.908671378999999,142.8610793,coffee
107,31,31,23.17124551,52.97841162,6.766184468,153.12016440000005,coffee
99,16,30,23.52652084,65.44340921,6.392791654,186.1728203,coffee
103,40,30,27.30901814,55.196224,6.3483162570000005,141.48316440000005,coffee
118,31,34,27.54823036,62.88179198,6.123796057000001,181.4170812,coffee
116,38,34,23.29250318,50.04557009,6.020947179,183.468585,coffee
97,35,26,24.91461008,53.74144743,6.334610249,166.2549307,coffee
107,34,32,26.77463708,66.4132686,6.78006386,177.7745075,coffee
99,15,27,27.41711238,56.63636248,6.086922359,127.92461000000002,coffee
118,33,30,24.13179691,67.22512329,6.362607851,173.32283859999995,coffee
117,32,34,26.2724184,52.12739421,6.758792552,127.1752928,coffee
104,18,30,23.60301571,60.39647474,6.779832611000002,140.9370415,coffee
